{
 "array_type": "linear",
 "microphone_positions": [[-113.0, 0.0, 2.0], [36.0, 0.0, 2.0], [76.0, 0.0, 2.0], [113.0, 0.0, 2.0]],
 "tracker": {
            "type": "ekf",
            "shiftlen":4096,
            "fftlen":8192,
            "energy_threshold":100,
            "minimum_pairs":3,
            "cc_threshold":0.11,
            "boundaries": [[-3.141592653589793, 3.141592653589793], [-3.141592653589793, 3.141592653589793], [-3.141592653589793, 3.141592653589793]],
            "sigmaV2": 0.0004,
            "sigmaK2": 10000000000.0,
            "gate_prob": 0.95,
            "initial_estimate": [0],
            "sigmaU2": 10.0,
            "pair_ids": [[0, 1], [0, 2], [0, 3], [1, 2], [1, 3], [2, 3]]
            }
}
